[
{
  "model": "webapp.type",
  "pk": 1,
  "fields": {
    "tittle": "Задача"
  }
},
{
  "model": "webapp.type",
  "pk": 2,
  "fields": {
    "tittle": "Ошибка"
  }
},
{
  "model": "webapp.type",
  "pk": 3,
  "fields": {
    "tittle": "Улучшение"
  }
},
{
  "model": "webapp.status",
  "pk": 1,
  "fields": {
    "tittle": "Новый"
  }
},
{
  "model": "webapp.status",
  "pk": 2,
  "fields": {
    "tittle": "В процессе"
  }
},
{
  "model": "webapp.status",
  "pk": 3,
  "fields": {
    "tittle": "Выполнено"
  }
},
{
  "model": "webapp.project",
  "pk": 1,
  "fields": {
    "date_start": "2022-01-30",
    "date_end": null,
    "title": "Тестовый проект",
    "description": "Проверка",
    "users": []
  }
},
{
  "model": "webapp.project",
  "pk": 12,
  "fields": {
    "date_start": "2022-01-01",
    "date_end": null,
    "title": "jsjjawjehqhwehs",
    "description": "123jnashbdbahsjbdjaxc",
    "users": [
      9
    ]
  }
},
{
  "model": "webapp.project",
  "pk": 13,
  "fields": {
    "date_start": "2022-01-01",
    "date_end": null,
    "title": "jsdakjhkjqwgeg",
    "description": "hbdhasbjasbdhjasd",
    "users": [
      11,
      13,
      14
    ]
  }
},
{
  "model": "webapp.project",
  "pk": 14,
  "fields": {
    "date_start": "2022-01-01",
    "date_end": null,
    "title": "jsdakjhkjqwgeg",
    "description": "hbdhasbjasbdhjasd",
    "users": [
      11
    ]
  }
},
{
  "model": "webapp.project",
  "pk": 15,
  "fields": {
    "date_start": "2022-01-01",
    "date_end": null,
    "title": "jsdakjhkjqwgeg",
    "description": "hbdhasbjasbdhjasd",
    "users": [
      9,
      11
    ]
  }
},
{
  "model": "webapp.project",
  "pk": 16,
  "fields": {
    "date_start": "2022-01-01",
    "date_end": null,
    "title": "fcgsawqwQZSZSZS",
    "description": "YGGKCYVVTBTFBN",
    "users": []
  }
},
{
  "model": "webapp.project",
  "pk": 18,
  "fields": {
    "date_start": "2022-01-01",
    "date_end": null,
    "title": "Проверка добавления юзера",
    "description": "12ui3uhasdbgvcxzhvhgghas",
    "users": [
      9
    ]
  }
},
{
  "model": "webapp.project",
  "pk": 19,
  "fields": {
    "date_start": "2022-01-01",
    "date_end": null,
    "title": "лорывлофрл",
    "description": "123фираыфыа",
    "users": [
      9,
      11,
      13
    ]
  }
},
{
  "model": "webapp.project",
  "pk": 20,
  "fields": {
    "date_start": "2022-01-01",
    "date_end": null,
    "title": "jehwcjhecaksk",
    "description": "1312312312321",
    "users": [
      9,
      13
    ]
  }
},
{
  "model": "webapp.project",
  "pk": 21,
  "fields": {
    "date_start": "2022-01-01",
    "date_end": null,
    "title": "asjdsahdjhkjhjkasd",
    "description": "12313123331",
    "users": [
      13
    ]
  }
},
{
  "model": "webapp.project",
  "pk": 22,
  "fields": {
    "date_start": "2022-01-01",
    "date_end": null,
    "title": "12311213123213312",
    "description": "adsdxzcxczvcbcvbvm,nhii",
    "users": [
      1,
      9,
      11,
      13,
      14
    ]
  }
},
{
  "model": "webapp.project",
  "pk": 23,
  "fields": {
    "date_start": "2022-01-01",
    "date_end": null,
    "title": "фыволйиокуцлои",
    "description": "т1т3о2л1иыфврирфвы",
    "users": [
      1
    ]
  }
},
{
  "model": "webapp.project",
  "pk": 24,
  "fields": {
    "date_start": "2022-01-01",
    "date_end": null,
    "title": "ыфвофопкпйцпннпгупгн",
    "description": "р123рофывиобтмьбтбтьф",
    "users": [
      1
    ]
  }
},
{
  "model": "webapp.project",
  "pk": 25,
  "fields": {
    "date_start": "2022-01-01",
    "date_end": null,
    "title": "фбывддбиючсбьюябьжщзцкр",
    "description": "лоыфврисчьятифыпвропыфвы",
    "users": [
      1
    ]
  }
},
{
  "model": "webapp.task",
  "pk": 3,
  "fields": {
    "created_at": "2022-01-17T12:05:02.057Z",
    "updated_at": "2022-01-17T12:05:06.663Z",
    "summary": "blabla",
    "description": "asdasdqweweqe",
    "status": 3,
    "project": 1,
    "types": [
      2,
      3
    ]
  }
},
{
  "model": "webapp.task",
  "pk": 6,
  "fields": {
    "created_at": "2022-01-20T08:15:13.380Z",
    "updated_at": "2022-01-20T08:15:13.380Z",
    "summary": "check",
    "description": "check",
    "status": 1,
    "project": 1,
    "types": [
      1
    ]
  }
},
{
  "model": "webapp.task",
  "pk": 7,
  "fields": {
    "created_at": "2022-01-20T11:09:47.462Z",
    "updated_at": "2022-01-20T11:09:47.462Z",
    "summary": "blablabla",
    "description": "descriptio",
    "status": 1,
    "project": 1,
    "types": [
      1,
      2
    ]
  }
},
{
  "model": "webapp.task",
  "pk": 9,
  "fields": {
    "created_at": "2022-01-24T06:46:19.329Z",
    "updated_at": "2022-01-24T06:46:19.329Z",
    "summary": "закрытая задача",
    "description": "super",
    "status": 3,
    "project": 1,
    "types": [
      1
    ]
  }
},
{
  "model": "webapp.task",
  "pk": 10,
  "fields": {
    "created_at": "2022-01-27T11:50:16.907Z",
    "updated_at": "2022-01-27T11:50:16.907Z",
    "summary": "zzzz12312123",
    "description": "hashshgnsjnackansjc",
    "status": 1,
    "project": 1,
    "types": [
      1
    ]
  }
},
{
  "model": "webapp.task",
  "pk": 11,
  "fields": {
    "created_at": "2022-01-27T11:50:31.596Z",
    "updated_at": "2022-01-27T11:50:31.596Z",
    "summary": "hooooooo",
    "description": "123sdjajjweeeeee",
    "status": 2,
    "project": 1,
    "types": [
      2
    ]
  }
},
{
  "model": "webapp.task",
  "pk": 12,
  "fields": {
    "created_at": "2022-01-27T11:50:47.177Z",
    "updated_at": "2022-01-27T11:50:47.177Z",
    "summary": "webappppp",
    "description": "heloooooooo",
    "status": 3,
    "project": 1,
    "types": [
      3
    ]
  }
},
{
  "model": "webapp.task",
  "pk": 13,
  "fields": {
    "created_at": "2022-01-27T11:51:12.375Z",
    "updated_at": "2022-01-27T11:51:12.375Z",
    "summary": "много задач",
    "description": "очеееень много",
    "status": 1,
    "project": 1,
    "types": [
      2
    ]
  }
},
{
  "model": "webapp.task",
  "pk": 14,
  "fields": {
    "created_at": "2022-01-30T14:27:17.765Z",
    "updated_at": "2022-01-30T14:27:17.765Z",
    "summary": "hhhhsadwqwe",
    "description": "sadjasdjahsdj",
    "status": 1,
    "project": 1,
    "types": [
      1
    ]
  }
},
{
  "model": "webapp.task",
  "pk": 15,
  "fields": {
    "created_at": "2022-01-30T14:30:02.842Z",
    "updated_at": "2022-01-30T14:30:02.842Z",
    "summary": "hhhhsadwqwe",
    "description": "sadjasdjahsdj",
    "status": 1,
    "project": 1,
    "types": [
      1
    ]
  }
},
{
  "model": "webapp.task",
  "pk": 16,
  "fields": {
    "created_at": "2022-01-30T14:37:13.459Z",
    "updated_at": "2022-01-30T14:37:13.459Z",
    "summary": "bllablblbll",
    "description": "1231323nksajjsfnkja",
    "status": 1,
    "project": 1,
    "types": [
      2
    ]
  }
},
{
  "model": "webapp.task",
  "pk": 17,
  "fields": {
    "created_at": "2022-01-30T14:39:18.186Z",
    "updated_at": "2022-01-30T14:39:18.186Z",
    "summary": "bllablblbll",
    "description": "1231323nksajjsfnkja",
    "status": 1,
    "project": 1,
    "types": [
      2
    ]
  }
},
{
  "model": "webapp.task",
  "pk": 18,
  "fields": {
    "created_at": "2022-01-30T14:39:37.923Z",
    "updated_at": "2022-01-30T14:39:37.923Z",
    "summary": "bllablblbll",
    "description": "1231323nksajjsfnkja",
    "status": 1,
    "project": 1,
    "types": [
      2
    ]
  }
},
{
  "model": "webapp.task",
  "pk": 19,
  "fields": {
    "created_at": "2022-01-30T14:40:24.549Z",
    "updated_at": "2022-01-30T14:40:24.549Z",
    "summary": "bllablblbll",
    "description": "1231323nksajjsfnkja",
    "status": 1,
    "project": 1,
    "types": [
      2
    ]
  }
},
{
  "model": "webapp.task",
  "pk": 20,
  "fields": {
    "created_at": "2022-01-30T14:40:50.405Z",
    "updated_at": "2022-01-30T14:40:50.405Z",
    "summary": "bllablblbll",
    "description": "1231323nksajjsfnkja",
    "status": 1,
    "project": 1,
    "types": [
      2
    ]
  }
},
{
  "model": "webapp.task",
  "pk": 21,
  "fields": {
    "created_at": "2022-01-30T14:54:05.330Z",
    "updated_at": "2022-01-30T14:54:05.330Z",
    "summary": "chhhhhhhhh",
    "description": "sdakajdskjkjtuuhbnnn",
    "status": 2,
    "project": 1,
    "types": [
      2
    ]
  }
},
{
  "model": "webapp.task",
  "pk": 25,
  "fields": {
    "created_at": "2022-02-14T11:46:19.827Z",
    "updated_at": "2022-02-14T11:46:19.827Z",
    "summary": "aweqwewq",
    "description": "awe",
    "status": 1,
    "project": 1,
    "types": [
      1
    ]
  }
},
{
  "model": "webapp.task",
  "pk": 26,
  "fields": {
    "created_at": "2022-02-14T11:50:50.403Z",
    "updated_at": "2022-02-14T11:50:50.403Z",
    "summary": "aweqwewq",
    "description": "awe",
    "status": 1,
    "project": 1,
    "types": [
      1
    ]
  }
},
{
  "model": "webapp.task",
  "pk": 28,
  "fields": {
    "created_at": "2022-02-17T07:34:07.231Z",
    "updated_at": "2022-02-17T07:34:07.231Z",
    "summary": "jkwjqbehbgvasdv",
    "description": "12j3bfhahsdatwevq",
    "status": 1,
    "project": 13,
    "types": [
      1
    ]
  }
},
{
  "model": "webapp.task",
  "pk": 30,
  "fields": {
    "created_at": "2022-02-17T10:54:27.951Z",
    "updated_at": "2022-02-17T10:54:27.951Z",
    "summary": "asdasweq123123132",
    "description": "eqw1231sadzxcxbsd",
    "status": 2,
    "project": 12,
    "types": [
      2
    ]
  }
},
{
  "model": "webapp.task",
  "pk": 31,
  "fields": {
    "created_at": "2022-02-17T11:59:38.654Z",
    "updated_at": "2022-02-17T11:59:38.654Z",
    "summary": "12312312321wqqweqw",
    "description": "ksdaskdnnaksdkasd",
    "status": 3,
    "project": 19,
    "types": [
      3
    ]
  }
},
{
  "model": "webapp.task",
  "pk": 32,
  "fields": {
    "created_at": "2022-02-22T03:26:54.483Z",
    "updated_at": "2022-02-22T03:26:54.483Z",
    "summary": "testtask1",
    "description": "desctopcheck",
    "status": 1,
    "project": 24,
    "types": [
      1
    ]
  }
}
]
